temp,dni,app_temp,timestamp_utc,timestamp_local,snow_depth,wind_cdir,rh,pod,pres,ghi,wind_gust_spd,clouds,vis,dewpt,wind_spd,ozone,wind_cdir_full,slp,datetime,ts,snow,precip,solar_rad,uv,pop,wind_dir,clouds_hi,dhi,clouds_low,clouds_mid,weather,city
31.3,0,25.5,2024-11-21T18:00:00,2024-11-21T18:00:00,0.0,WNW,85,n,998,0,10.4,44,14.9,27.3,5.7,298,west-northwest,1000,2024-11-21:18,1732212000,0.0,0.0,0.0,0,0,294,0,0,0,100,"{'code': 801, 'icon': 'c02n', 'description': 'Few clouds'}","London, UK"
30.6,0,23.0,2024-11-21T21:00:00,2024-11-21T21:00:00,0.0,W,84,n,999,0,15.0,39,14.9,26.2,8.1,312,west,1001,2024-11-21:21,1732222800,0.0,0.0,0.0,0,0,277,0,0,0,51,"{'code': 801, 'icon': 'c02n', 'description': 'Few clouds'}","London, UK"
30.7,0,22.6,2024-11-22T00:00:00,2024-11-22T00:00:00,0.0,W,85,n,1000,0,17.9,25,14.9,26.8,9.2,306,west,1002,2024-11-22:00,1732233600,0.0,0.0,0.0,0,0,270,0,0,12,44,"{'code': 800, 'icon': 'c01n', 'description': 'Clear Sky'}","London, UK"
31.1,0,21.4,2024-11-22T03:00:00,2024-11-22T03:00:00,0.0,W,85,n,1001,0,19.6,28,14.9,27.1,12.7,299,west,1003,2024-11-22:03,1732244400,0.0,0.0,0.0,0,0,268,0,0,30,0,"{'code': 800, 'icon': 'c01n', 'description': 'Clear Sky'}","London, UK"
32.5,0,22.6,2024-11-22T06:00:00,2024-11-22T06:00:00,0.0,W,83,n,1001,0,22.2,36,14.9,28.0,13.8,318,west,1003,2024-11-22:06,1732255200,0.0,0.0,0.0,0,0,275,0,0,66,93,"{'code': 801, 'icon': 'c02n', 'description': 'Few clouds'}","London, UK"
34.7,474,25.5,2024-11-22T09:00:00,2024-11-22T09:00:00,0.0,W,85,d,1004,122,21.9,35,14.9,30.7,13.8,326,west,1006,2024-11-22:09,1732266000,0.0,0.0,100.632904,1,0,281,0,53,43,83,"{'code': 801, 'icon': 'c02d', 'description': 'Few clouds'}","London, UK"
39.6,662,31.3,2024-11-22T12:00:00,2024-11-22T12:00:00,0.0,WNW,77,d,1006,275,24.2,27,14.9,32.9,15.0,332,west-northwest,1008,2024-11-22:12,1732276800,0.0,0.0,274.7,2,0,290,0,76,41,8,"{'code': 801, 'icon': 'c02d', 'description': 'Few clouds'}","London, UK"
39.4,376,32.2,2024-11-22T15:00:00,2024-11-22T15:00:00,0.0,WNW,79,d,1008,77,21.9,35,14.9,33.4,11.5,300,west-northwest,1010,2024-11-22:15,1732287600,0.0,0.0,77.22,2,0,292,0,43,48,0,"{'code': 801, 'icon': 'c02d', 'description': 'Few clouds'}","London, UK"
35.8,0,30.0,2024-11-22T18:00:00,2024-11-22T18:00:00,0.0,W,87,n,1012,0,13.0,51,14.9,32.4,6.9,306,west,1013,2024-11-22:18,1732298400,0.0,0.0,0.0,0,0,274,10,0,44,0,"{'code': 801, 'icon': 'c02n', 'description': 'Few clouds'}","London, UK"
33.8,0,28.6,2024-11-22T21:00:00,2024-11-22T21:00:00,0.0,WSW,90,n,1013,0,10.4,61,14.9,31.1,5.7,306,west-southwest,1015,2024-11-22:21,1732309200,0.0,0.0,0.0,0,0,247,9,0,0,34,"{'code': 802, 'icon': 'c02n', 'description': 'Scattered clouds'}","London, UK"
32.7,0,28.2,2024-11-23T00:00:00,2024-11-23T00:00:00,0.0,SSW,94,n,1014,0,10.4,73,14.9,31.1,4.6,298,south-southwest,1016,2024-11-23:00,1732320000,0.0,0.0,0.0,0,0,209,25,0,0,62,"{'code': 802, 'icon': 'c02n', 'description': 'Scattered clouds'}","London, UK"
34.3,0,29.1,2024-11-23T03:00:00,2024-11-23T03:00:00,0.0,S,94,n,1013,0,10.4,87,14.9,32.7,5.7,289,south,1015,2024-11-23:03,1732330800,0.0,0.0,0.0,0,0,172,100,0,0,100,"{'code': 804, 'icon': 'c04n', 'description': 'Overcast clouds'}","London, UK"
37.0,0,30.4,2024-11-23T06:00:00,2024-11-23T06:00:00,0.0,SSE,95,n,1011,0,16.1,100,8.3,35.8,9.2,278,south-southeast,1012,2024-11-23:06,1732341600,0.0,0.031,0.0,0,45,157,100,0,83,100,"{'code': 500, 'icon': 'r01n', 'description': 'Light rain'}","London, UK"
41.2,467,33.8,2024-11-23T09:00:00,2024-11-23T09:00:00,0.0,S,95,d,1007,119,23.0,100,11.4,39.9,13.8,271,south,1009,2024-11-23:09,1732352400,0.0,0.02,63.957,1,35,173,100,52,72,100,"{'code': 500, 'icon': 'r01d', 'description': 'Light rain'}","London, UK"
44.6,659,37.2,2024-11-23T12:00:00,2024-11-23T12:00:00,0.0,S,97,d,1003,271,37.4,100,14.9,43.9,17.3,272,south,1005,2024-11-23:12,1732363200,0.0,0.02,92.05336,1,35,176,100,75,82,100,"{'code': 500, 'icon': 'r01d', 'description': 'Light rain'}","London, UK"
46.8,370,46.8,2024-11-23T15:00:00,2024-11-23T15:00:00,0.0,S,99,d,1000,75,32.4,100,6.1,46.6,17.3,268,south,1002,2024-11-23:15,1732374000,0.0,0.028,45.18911,0,40,184,100,42,85,100,"{'code': 501, 'icon': 'r02d', 'description': 'Moderate rain'}","London, UK"
51.1,0,51.1,2024-11-23T18:00:00,2024-11-23T18:00:00,0.0,SSW,95,n,998,0,35.4,100,14.9,49.6,20.7,273,south-southwest,1000,2024-11-23:18,1732384800,0.0,0.028,0.0,0,40,194,100,0,86,100,"{'code': 501, 'icon': 'r02n', 'description': 'Moderate rain'}","London, UK"
54.5,0,54.5,2024-11-23T21:00:00,2024-11-23T21:00:00,0.0,SSW,90,n,997,0,38.9,100,14.9,51.6,23.0,279,south-southwest,999,2024-11-23:21,1732395600,0.0,0.035,0.0,0,45,203,100,0,88,100,"{'code': 501, 'icon': 'r02n', 'description': 'Moderate rain'}","London, UK"
56.5,0,56.5,2024-11-24T00:00:00,2024-11-24T00:00:00,0.0,SSW,89,n,997,0,36.8,100,14.9,53.2,23.0,282,south-southwest,998,2024-11-24:00,1732406400,0.0,0.035,0.0,0,45,208,41,0,88,96,"{'code': 500, 'icon': 'r01n', 'description': 'Light rain'}","London, UK"
57.6,0,57.6,2024-11-24T03:00:00,2024-11-24T03:00:00,0.0,SW,87,n,996,0,39.3,100,14.9,53.8,23.0,273,southwest,998,2024-11-24:03,1732417200,0.0,0.016,0.0,0,30,214,100,0,78,82,"{'code': 300, 'icon': 'd01n', 'description': 'Light drizzle'}","London, UK"
57.9,0,57.9,2024-11-24T06:00:00,2024-11-24T06:00:00,0.0,SW,87,n,996,0,42.6,100,14.9,54.1,26.5,266,southwest,998,2024-11-24:06,1732428000,0.0,0.02,0.0,0,35,216,96,0,85,83,"{'code': 500, 'icon': 'r01n', 'description': 'Light rain'}","London, UK"
57.6,461,57.6,2024-11-24T09:00:00,2024-11-24T09:00:00,0.0,SW,85,d,996,115,41.2,98,14.9,53.1,26.5,265,southwest,997,2024-11-24:09,1732438800,0.0,0.016,91.435104,1,30,218,31,51,78,49,"{'code': 500, 'icon': 'r01d', 'description': 'Light rain'}","London, UK"
57.9,656,57.9,2024-11-24T12:00:00,2024-11-24T12:00:00,0.0,SSW,81,d,995,268,47.2,96,14.9,52.2,23.0,264,south-southwest,997,2024-11-24:12,1732449600,0.0,0.016,188.75473,1,30,210,32,75,54,79,"{'code': 500, 'icon': 'r01d', 'description': 'Light rain'}","London, UK"
56.8,364,56.8,2024-11-24T15:00:00,2024-11-24T15:00:00,0.0,SSW,80,d,994,73,43.7,90,14.9,50.7,19.6,259,south-southwest,997,2024-11-24:15,1732460400,0.0,0.02,48.838,1,35,206,100,42,64,91,"{'code': 500, 'icon': 'r01d', 'description': 'Light rain'}","London, UK"
53.6,0,53.6,2024-11-24T18:00:00,2024-11-24T18:00:00,0.0,SSW,86,n,994,0,42.5,83,14.9,49.5,16.1,266,south-southwest,997,2024-11-24:18,1732471200,0.0,0.02,0.0,0,35,205,100,0,81,91,"{'code': 500, 'icon': 'r01n', 'description': 'Light rain'}","London, UK"
53.4,0,53.4,2024-11-24T21:00:00,2024-11-24T21:00:00,0.0,SSW,85,n,994,0,39.2,74,3.2,49.1,15.0,266,south-southwest,997,2024-11-24:21,1732482000,0.0,0.028,0.0,0,40,208,100,0,92,100,"{'code': 500, 'icon': 'r01n', 'description': 'Light rain'}","London, UK"
52.3,0,52.3,2024-11-25T00:00:00,2024-11-25T00:00:00,0.0,SSW,88,n,994,0,21.9,74,6.0,48.9,12.7,265,south-southwest,997,2024-11-25:00,1732492800,0.0,0.028,0.0,0,40,207,89,0,77,92,"{'code': 500, 'icon': 'r01n', 'description': 'Light rain'}","London, UK"
50.9,0,50.9,2024-11-25T03:00:00,2024-11-25T03:00:00,0.0,SSW,89,n,994,0,20.7,77,9.7,47.8,12.7,269,south-southwest,997,2024-11-25:03,1732503600,0.0,0.024,0.0,0,40,210,30,0,53,100,"{'code': 500, 'icon': 'r01n', 'description': 'Light rain'}","London, UK"
49.8,0,49.8,2024-11-25T06:00:00,2024-11-25T06:00:00,0.0,SSW,88,n,994,0,19.6,70,14.9,46.4,11.5,274,south-southwest,997,2024-11-25:06,1732514400,0.0,0.02,0.0,0,35,207,100,0,42,100,"{'code': 500, 'icon': 'r01n', 'description': 'Light rain'}","London, UK"
49.8,454,49.8,2024-11-25T09:00:00,2024-11-25T09:00:00,0.0,SW,86,d,995,112,20.7,62,14.9,45.9,12.7,271,southwest,998,2024-11-25:09,1732525200,0.0,0.008,78.99523,1,15,217,100,51,29,100,"{'code': 500, 'icon': 'r01d', 'description': 'Light rain'}","London, UK"
52.2,653,52.2,2024-11-25T12:00:00,2024-11-25T12:00:00,0.0,SW,78,d,995,264,26.4,52,14.9,45.5,15.0,281,southwest,999,2024-11-25:12,1732536000,0.0,0.0,264.17,2,0,231,0,74,46,16,"{'code': 801, 'icon': 'c02d', 'description': 'Few clouds'}","London, UK"
51.3,359,51.3,2024-11-25T15:00:00,2024-11-25T15:00:00,0.0,SW,75,d,996,71,24.9,45,14.9,43.7,15.0,280,southwest,1000,2024-11-25:15,1732546800,0.0,0.0,69.27156,1,0,232,0,41,44,75,"{'code': 801, 'icon': 'c02d', 'description': 'Few clouds'}","London, UK"
47.8,0,47.8,2024-11-25T18:00:00,2024-11-25T18:00:00,0.0,SW,81,n,999,0,26.5,42,14.9,42.3,13.8,289,southwest,1002,2024-11-25:18,1732557600,0.0,0.0,0.0,0,0,228,0,0,61,100,"{'code': 801, 'icon': 'c02n', 'description': 'Few clouds'}","London, UK"
46.6,0,46.6,2024-11-25T21:00:00,2024-11-25T21:00:00,0.0,SW,81,n,1001,0,29.4,41,14.9,41.0,13.8,275,southwest,1005,2024-11-25:21,1732568400,0.0,0.0,0.0,0,0,232,0,0,48,0,"{'code': 801, 'icon': 'c02n', 'description': 'Few clouds'}","London, UK"
45.1,0,45.1,2024-11-26T00:00:00,2024-11-26T00:00:00,0.0,SW,84,n,1003,0,28.1,44,14.9,40.6,12.7,268,southwest,1007,2024-11-26:00,1732579200,0.0,0.0,0.0,0,0,236,0,0,46,0,"{'code': 801, 'icon': 'c02n', 'description': 'Few clouds'}","London, UK"
44.4,0,38.1,2024-11-26T03:00:00,2024-11-26T03:00:00,0.0,WSW,85,n,1004,0,23.8,45,14.9,40.3,12.7,268,west-southwest,1008,2024-11-26:03,1732590000,0.0,0.0,0.0,0,0,239,0,0,44,0,"{'code': 801, 'icon': 'c02n', 'description': 'Few clouds'}","London, UK"
43.5,0,37.0,2024-11-26T06:00:00,2024-11-26T06:00:00,0.0,WSW,86,n,1005,0,21.4,44,14.9,39.6,12.7,273,west-southwest,1008,2024-11-26:06,1732600800,0.0,0.0,0.0,0,0,241,0,0,42,0,"{'code': 801, 'icon': 'c02n', 'description': 'Few clouds'}","London, UK"
43.5,448,37.4,2024-11-26T09:00:00,2024-11-26T09:00:00,0.0,WSW,88,d,1009,109,24.8,44,14.9,40.3,11.5,279,west-southwest,1011,2024-11-26:09,1732611600,0.0,0.0,107.16863,1,0,245,100,50,5,30,"{'code': 801, 'icon': 'c02d', 'description': 'Few clouds'}","London, UK"
46.8,650,46.8,2024-11-26T12:00:00,2024-11-26T12:00:00,0.0,W,83,d,1007,261,26.9,45,14.9,41.9,13.8,280,west,1009,2024-11-26:12,1732622400,0.0,0.0,115.62743,1,0,260,62,74,70,98,"{'code': 801, 'icon': 'c02d', 'description': 'Few clouds'}","London, UK"
46.0,353,46.0,2024-11-26T15:00:00,2024-11-26T15:00:00,0.0,W,82,d,1004,69,37.6,55,9.4,40.8,12.7,282,west,1006,2024-11-26:15,1732633200,0.0,0.0,47.370003,0,0,261,0,40,100,100,"{'code': 801, 'icon': 'c02d', 'description': 'Few clouds'}","London, UK"
31.3,0,20.7,2024-11-21T18:00:00,2024-11-21T19:00:00,1.886,NNE,95,n,988,0,24.8,93,14.9,30.0,15.0,304,north-northeast,996,2024-11-21:18,1732212000,0.197,0.02,0.0,0,60,28,0,0,35,100,"{'code': 600, 'icon': 's01n', 'description': 'Light snow'}","Paris, France"
30.9,0,23.5,2024-11-21T21:00:00,2024-11-21T22:00:00,1.886,N,92,n,994,0,19.6,71,14.9,28.9,8.1,315,north,1001,2024-11-21:21,1732222800,0.0,0.0,0.0,0,0,4,0,0,39,72,"{'code': 804, 'icon': 'c04n', 'description': 'Overcast clouds'}","Paris, France"
29.7,0,23.7,2024-11-22T00:00:00,2024-11-22T01:00:00,1.886,W,94,n,998,0,10.4,82,14.9,28.2,5.7,314,west,1005,2024-11-22:00,1732233600,0.0,0.0,0.0,0,0,270,0,0,37,100,"{'code': 802, 'icon': 'c02n', 'description': 'Scattered clouds'}","Paris, France"
29.7,0,21.9,2024-11-22T03:00:00,2024-11-22T04:00:00,1.886,WSW,94,n,1000,0,11.5,85,14.9,28.2,8.1,299,west-southwest,1007,2024-11-22:03,1732244400,0.0,0.0,0.0,0,0,249,0,0,0,99,"{'code': 804, 'icon': 'c04n', 'description': 'Overcast clouds'}","Paris, France"
30.0,0,21.7,2024-11-22T06:00:00,2024-11-22T07:00:00,1.886,WSW,93,n,1002,0,13.3,83,0.1,28.2,9.2,294,west-southwest,1009,2024-11-22:06,1732255200,0.0,0.0,0.0,0,0,248,0,0,5,100,"{'code': 804, 'icon': 'c04n', 'description': 'Overcast clouds'}","Paris, France"
32.0,556,23.5,2024-11-22T09:00:00,2024-11-22T10:00:00,1.886,WSW,91,d,1004,175,19.2,74,2.1,29.7,10.4,299,west-southwest,1011,2024-11-22:09,1732266000,0.0,0.0,109.32561,1,0,247,0,62,38,98,"{'code': 804, 'icon': 'c04d', 'description': 'Overcast clouds'}","Paris, France"
35.8,700,26.8,2024-11-22T12:00:00,2024-11-22T13:00:00,1.488,WSW,86,d,1005,322,21.5,73,14.9,32.0,13.8,309,west-southwest,1013,2024-11-22:12,1732276800,0.0,0.0,321.52,2,0,247,0,81,26,0,"{'code': 802, 'icon': 'c02d', 'description': 'Scattered clouds'}","Paris, France"
36.9,405,29.1,2024-11-22T15:00:00,2024-11-22T16:00:00,1.087,WSW,84,d,1007,89,21.4,63,14.9,32.5,11.5,295,west-southwest,1014,2024-11-22:15,1732287600,0.0,0.0,88.67,2,0,253,0,46,17,0,"{'code': 802, 'icon': 'c02d', 'description': 'Scattered clouds'}","Paris, France"
34.7,0,27.5,2024-11-22T18:00:00,2024-11-22T19:00:00,0.925,WSW,92,n,1010,0,16.2,61,14.9,32.5,9.2,288,west-southwest,1017,2024-11-22:18,1732298400,0.0,0.0,0.0,0,0,240,4,0,36,0,"{'code': 802, 'icon': 'c02n', 'description': 'Scattered clouds'}","Paris, France"
34.5,0,27.9,2024-11-22T21:00:00,2024-11-22T22:00:00,0.795,SW,93,n,1012,0,11.9,60,14.9,32.7,8.1,276,southwest,1019,2024-11-22:21,1732309200,0.0,0.0,0.0,0,0,230,2,0,41,24,"{'code': 802, 'icon': 'c02n', 'description': 'Scattered clouds'}","Paris, France"
34.2,0,28.9,2024-11-23T00:00:00,2024-11-23T01:00:00,0.701,SSW,94,n,1014,0,6.0,68,14.9,32.5,5.7,255,south-southwest,1021,2024-11-23:00,1732320000,0.0,0.0,0.0,0,0,211,0,0,39,18,"{'code': 802, 'icon': 'c02n', 'description': 'Scattered clouds'}","Paris, France"
33.8,0,28.6,2024-11-23T03:00:00,2024-11-23T04:00:00,0.63,S,98,n,1013,0,11.4,82,14.9,33.3,5.7,247,south,1021,2024-11-23:03,1732330800,0.0,0.0,0.0,0,0,186,97,0,53,32,"{'code': 804, 'icon': 'c04n', 'description': 'Overcast clouds'}","Paris, France"
36.7,0,31.3,2024-11-23T06:00:00,2024-11-23T07:00:00,0.465,S,87,n,1013,0,15.4,94,14.9,33.3,6.9,243,south,1020,2024-11-23:06,1732341600,0.0,0.0,0.0,0,0,173,21,0,74,92,"{'code': 804, 'icon': 'c04n', 'description': 'Overcast clouds'}","Paris, France"
38.3,551,32.5,2024-11-23T09:00:00,2024-11-23T10:00:00,0.303,S,83,d,1013,171,18.6,99,14.9,33.6,8.1,242,south,1020,2024-11-23:09,1732352400,0.0,0.0,78.498,1,0,173,100,61,17,99,"{'code': 804, 'icon': 'c04d', 'description': 'Overcast clouds'}","Paris, France"
38.5,698,31.6,2024-11-23T12:00:00,2024-11-23T13:00:00,0.193,S,89,d,1010,318,22.4,98,14.9,35.6,10.4,249,south,1017,2024-11-23:12,1732363200,0.0,0.0,131.16928,1,0,173,100,80,2,100,"{'code': 804, 'icon': 'c04d', 'description': 'Overcast clouds'}","Paris, France"
41.9,400,35.1,2024-11-23T15:00:00,2024-11-23T16:00:00,0.087,S,80,d,1007,86,24.7,98,14.9,36.1,12.7,259,south,1014,2024-11-23:15,1732374000,0.0,0.0,85.55282,1,0,176,47,45,0,69,"{'code': 804, 'icon': 'c04d', 'description': 'Overcast clouds'}","Paris, France"
44.6,0,38.8,2024-11-23T18:00:00,2024-11-23T19:00:00,0.028,S,77,n,1006,0,22.2,94,14.9,37.9,11.5,261,south,1014,2024-11-23:18,1732384800,0.0,0.0,0.0,0,0,184,19,0,43,100,"{'code': 804, 'icon': 'c04n', 'description': 'Overcast clouds'}","Paris, France"
46.9,0,46.9,2024-11-23T21:00:00,2024-11-23T22:00:00,0.004,SSW,74,n,1006,0,26.2,94,14.9,39.0,12.7,255,south-southwest,1013,2024-11-23:21,1732395600,0.0,0.0,0.0,0,0,195,32,0,61,95,"{'code': 804, 'icon': 'c04n', 'description': 'Overcast clouds'}","Paris, France"
48.0,0,48.0,2024-11-24T00:00:00,2024-11-24T01:00:00,0.0,SSW,76,n,1005,0,24.7,87,14.9,40.8,13.8,246,south-southwest,1013,2024-11-24:00,1732406400,0.0,0.0,0.0,0,0,199,1,0,0,48,"{'code': 804, 'icon': 'c04n', 'description': 'Overcast clouds'}","Paris, France"
48.4,0,48.4,2024-11-24T03:00:00,2024-11-24T04:00:00,0.0,SSW,79,n,1005,0,25.5,83,14.9,42.3,15.0,246,south-southwest,1012,2024-11-24:03,1732417200,0.0,0.0,0.0,0,0,200,100,0,0,92,"{'code': 804, 'icon': 'c04n', 'description': 'Overcast clouds'}","Paris, France"
51.1,0,51.1,2024-11-24T06:00:00,2024-11-24T07:00:00,0.0,SSW,75,n,1005,0,28.5,80,14.9,43.5,13.8,251,south-southwest,1012,2024-11-24:06,1732428000,0.0,0.0,0.0,0,0,199,100,0,0,43,"{'code': 804, 'icon': 'c04n', 'description': 'Overcast clouds'}","Paris, France"
54.7,546,54.7,2024-11-24T09:00:00,2024-11-24T10:00:00,0.0,SSW,70,d,1005,168,26.8,82,14.9,45.1,15.0,258,south-southwest,1012,2024-11-24:09,1732438800,0.0,0.0,142.56607,1,0,195,100,61,0,17,"{'code': 802, 'icon': 'c02d', 'description': 'Scattered clouds'}","Paris, France"
58.5,695,58.5,2024-11-24T12:00:00,2024-11-24T13:00:00,0.0,SSW,66,d,1004,314,27.8,74,14.9,47.1,16.1,261,south-southwest,1011,2024-11-24:12,1732449600,0.0,0.0,212.79608,1,0,195,100,80,0,90,"{'code': 802, 'icon': 'c02d', 'description': 'Scattered clouds'}","Paris, France"
60.8,395,60.8,2024-11-24T15:00:00,2024-11-24T16:00:00,0.0,SSW,65,d,1004,84,27.8,74,14.9,48.9,15.0,262,south-southwest,1010,2024-11-24:15,1732460400,0.0,0.0,69.20624,1,0,193,29,44,0,70,"{'code': 802, 'icon': 'c02d', 'description': 'Scattered clouds'}","Paris, France"
57.2,0,57.2,2024-11-24T18:00:00,2024-11-24T19:00:00,0.0,S,74,n,1003,0,23.3,79,14.9,48.9,11.5,264,south,1009,2024-11-24:18,1732471200,0.0,0.0,0.0,0,0,185,54,0,0,76,"{'code': 802, 'icon': 'c02n', 'description': 'Scattered clouds'}","Paris, France"
56.8,0,56.8,2024-11-24T21:00:00,2024-11-24T22:00:00,0.0,S,73,n,1002,0,22.8,75,14.9,48.2,12.7,264,south,1009,2024-11-24:21,1732482000,0.0,0.0,0.0,0,0,189,39,0,0,75,"{'code': 804, 'icon': 'c04n', 'description': 'Overcast clouds'}","Paris, France"
56.5,0,56.5,2024-11-25T00:00:00,2024-11-25T01:00:00,0.0,S,75,n,1000,0,23.4,83,14.9,48.7,12.7,265,south,1007,2024-11-25:00,1732492800,0.0,0.0,0.0,0,0,190,100,0,0,56,"{'code': 804, 'icon': 'c04n', 'description': 'Overcast clouds'}","Paris, France"
56.3,0,56.3,2024-11-25T03:00:00,2024-11-25T04:00:00,0.0,SSW,76,n,999,0,24.2,86,14.9,48.9,12.7,264,south-southwest,1005,2024-11-25:03,1732503600,0.0,0.024,0.0,0,40,192,25,0,0,90,"{'code': 500, 'icon': 'r01n', 'description': 'Light rain'}","Paris, France"
55.6,0,55.6,2024-11-25T06:00:00,2024-11-25T07:00:00,0.0,SSW,79,n,997,0,26.5,83,4.8,49.1,12.7,262,south-southwest,1003,2024-11-25:06,1732514400,0.0,0.024,0.0,0,40,200,0,0,62,99,"{'code': 500, 'icon': 'r01n', 'description': 'Light rain'}","Paris, France"
54.9,541,54.9,2024-11-25T09:00:00,2024-11-25T10:00:00,0.0,SSW,83,d,996,164,26.5,85,14.9,49.8,12.7,271,south-southwest,1002,2024-11-25:09,1732525200,0.0,0.02,44.13613,1,35,211,61,60,92,100,"{'code': 500, 'icon': 'r01d', 'description': 'Light rain'}","Paris, France"
55.0,693,55.0,2024-11-25T12:00:00,2024-11-25T13:00:00,0.0,SW,80,d,999,311,26.5,83,14.9,48.9,15.0,281,southwest,1005,2024-11-25:12,1732536000,0.0,0.012,76.927,1,25,226,100,80,62,100,"{'code': 500, 'icon': 'r01d', 'description': 'Light rain'}","Paris, France"
54.7,390,54.7,2024-11-25T15:00:00,2024-11-25T16:00:00,0.0,SW,79,d,1001,82,23.0,78,14.9,48.4,12.7,283,southwest,1008,2024-11-25:15,1732546800,0.0,0.0,82.39,2,0,229,0,44,41,12,"{'code': 804, 'icon': 'c04d', 'description': 'Overcast clouds'}","Paris, France"
51.3,0,51.3,2024-11-25T18:00:00,2024-11-25T19:00:00,0.0,SW,86,n,1004,0,24.7,70,14.9,47.3,10.4,275,southwest,1011,2024-11-25:18,1732557600,0.0,0.0,0.0,0,0,217,0,0,66,5,"{'code': 804, 'icon': 'c04n', 'description': 'Overcast clouds'}","Paris, France"
49.3,0,49.3,2024-11-25T21:00:00,2024-11-25T22:00:00,0.0,SW,89,n,1008,0,23.2,67,14.9,46.2,10.4,270,southwest,1015,2024-11-25:21,1732568400,0.0,0.0,0.0,0,0,224,0,0,64,0,"{'code': 802, 'icon': 'c02n', 'description': 'Scattered clouds'}","Paris, France"
48.7,0,48.7,2024-11-26T00:00:00,2024-11-26T01:00:00,0.0,SW,86,n,1010,0,18.4,62,14.9,44.8,9.2,266,southwest,1016,2024-11-26:00,1732579200,0.0,0.0,0.0,0,0,221,0,0,54,0,"{'code': 802, 'icon': 'c02n', 'description': 'Scattered clouds'}","Paris, France"
48.4,0,48.4,2024-11-26T03:00:00,2024-11-26T04:00:00,0.0,SW,86,n,1011,0,17.5,64,14.9,44.4,9.2,268,southwest,1017,2024-11-26:03,1732590000,0.0,0.0,0.0,0,0,221,0,0,65,0,"{'code': 802, 'icon': 'c02n', 'description': 'Scattered clouds'}","Paris, France"
49.5,0,49.5,2024-11-26T06:00:00,2024-11-26T07:00:00,0.0,SW,82,n,1011,0,18.8,63,14.9,44.2,9.2,277,southwest,1017,2024-11-26:06,1732600800,0.0,0.0,0.0,0,0,218,0,0,82,61,"{'code': 802, 'icon': 'c02n', 'description': 'Scattered clouds'}","Paris, France"
49.8,536,49.8,2024-11-26T09:00:00,2024-11-26T10:00:00,0.0,SW,82,d,1010,161,26.4,67,14.9,44.6,10.4,277,southwest,1015,2024-11-26:09,1732611600,0.0,0.0,160.67387,2,0,222,21,60,3,5,"{'code': 802, 'icon': 'c02d', 'description': 'Scattered clouds'}","Paris, France"
51.4,691,51.4,2024-11-26T12:00:00,2024-11-26T13:00:00,0.0,SW,78,d,1009,308,22.6,72,14.9,44.8,12.7,274,southwest,1014,2024-11-26:12,1732622400,0.0,0.0,307.75815,2,0,234,5,79,10,0,"{'code': 802, 'icon': 'c02d', 'description': 'Scattered clouds'}","Paris, France"
51.3,385,51.3,2024-11-26T15:00:00,2024-11-26T16:00:00,0.0,WSW,77,d,1008,81,21.7,72,14.9,44.2,10.4,272,west-southwest,1013,2024-11-26:15,1732633200,0.0,0.0,80.39639,1,0,238,14,44,16,5,"{'code': 802, 'icon': 'c02d', 'description': 'Scattered clouds'}","Paris, France"
33.4,0,25.9,2024-11-21T18:00:00,2024-11-21T19:00:00,0.0,SSW,87,n,987,0,17.3,49,14.9,30.0,9.2,317,south-southwest,992,2024-11-21:18,1732212000,0.0,0.0,0.0,0,0,207,0,0,44,0,"{'code': 801, 'icon': 'c02n', 'description': 'Few clouds'}","Berlin, Germany"
32.0,0,24.8,2024-11-21T21:00:00,2024-11-21T22:00:00,0.0,SSW,87,n,986,0,15.0,54,14.9,28.6,8.1,326,south-southwest,992,2024-11-21:21,1732222800,0.0,0.0,0.0,0,0,206,0,0,59,82,"{'code': 801, 'icon': 'c02n', 'description': 'Few clouds'}","Berlin, Germany"
31.5,0,24.1,2024-11-22T00:00:00,2024-11-22T01:00:00,0.0,SSW,88,n,986,0,13.8,68,14.9,28.4,8.1,317,south-southwest,991,2024-11-22:00,1732233600,0.0,0.0,0.0,0,0,212,0,0,85,2,"{'code': 802, 'icon': 'c02n', 'description': 'Scattered clouds'}","Berlin, Germany"
31.6,0,25.2,2024-11-22T03:00:00,2024-11-22T04:00:00,0.0,SW,92,n,988,0,13.8,78,14.9,29.7,6.9,300,southwest,993,2024-11-22:03,1732244400,0.0,0.004,0.0,0,20,228,0,0,84,63,"{'code': 600, 'icon': 's01n', 'description': 'Light snow'}","Berlin, Germany"
32.4,0,26.1,2024-11-22T06:00:00,2024-11-22T07:00:00,0.0,WSW,96,n,990,0,13.8,87,0.0,31.3,6.9,309,west-southwest,995,2024-11-22:06,1732255200,0.0,0.004,0.0,0,10,253,0,0,87,3,"{'code': 600, 'icon': 's01n', 'description': 'Light snow'}","Berlin, Germany"
33.6,570,26.8,2024-11-22T09:00:00,2024-11-22T10:00:00,0.0,WSW,94,d,993,186,16.5,84,4.4,32.0,8.1,326,west-southwest,999,2024-11-22:09,1732266000,0.0,0.004,185.95,2,10,257,0,64,62,0,"{'code': 600, 'icon': 's01d', 'description': 'Light snow'}","Berlin, Germany"
36.0,621,29.7,2024-11-22T12:00:00,2024-11-22T13:00:00,0.0,WSW,79,d,994,231,21.8,77,14.9,30.0,8.1,325,west-southwest,999,2024-11-22:12,1732276800,0.0,0.0,93.09799,1,0,248,0,70,100,0,"{'code': 802, 'icon': 'c02d', 'description': 'Scattered clouds'}","Berlin, Germany"
35.1,0,27.3,2024-11-22T15:00:00,2024-11-22T16:00:00,0.0,SW,82,n,995,0,19.6,74,0.1,30.2,10.4,323,southwest,1000,2024-11-22:15,1732287600,0.0,0.0,1.674377,0,0,229,0,2,99,0,"{'code': 802, 'icon': 'c02n', 'description': 'Scattered clouds'}","Berlin, Germany"
34.7,0,26.4,2024-11-22T18:00:00,2024-11-22T19:00:00,0.0,SW,83,n,996,0,23.0,74,14.9,30.0,11.5,331,southwest,1001,2024-11-22:18,1732298400,0.0,0.0,0.0,0,0,217,7,0,78,93,"{'code': 802, 'icon': 'c02n', 'description': 'Scattered clouds'}","Berlin, Germany"
34.5,0,26.6,2024-11-22T21:00:00,2024-11-22T22:00:00,0.0,WSW,83,n,997,0,24.4,73,14.9,29.8,10.4,347,west-southwest,1002,2024-11-22:21,1732309200,0.0,0.0,0.0,0,0,239,1,0,94,52,"{'code': 802, 'icon': 'c02n', 'description': 'Scattered clouds'}","Berlin, Germany"
33.4,0,24.8,2024-11-23T00:00:00,2024-11-23T01:00:00,0.0,W,83,n,1000,0,30.7,62,0.0,28.8,11.5,348,west,1005,2024-11-23:00,1732320000,0.0,0.0,0.0,0,0,280,0,0,83,0,"{'code': 802, 'icon': 'c02n', 'description': 'Scattered clouds'}","Berlin, Germany"
32.2,0,23.2,2024-11-23T03:00:00,2024-11-23T04:00:00,0.0,W,83,n,1006,0,24.4,58,14.9,27.7,11.5,348,west,1011,2024-11-23:03,1732330800,0.0,0.0,0.0,0,0,275,0,0,0,0,"{'code': 802, 'icon': 'c02n', 'description': 'Scattered clouds'}","Berlin, Germany"
32.7,0,23.4,2024-11-23T06:00:00,2024-11-23T07:00:00,0.0,W,83,n,1009,0,24.2,65,14.9,28.2,12.7,352,west,1015,2024-11-23:06,1732341600,0.0,0.0,0.0,0,0,263,0,0,73,0,"{'code': 802, 'icon': 'c02n', 'description': 'Scattered clouds'}","Berlin, Germany"
34.7,565,25.9,2024-11-23T09:00:00,2024-11-23T10:00:00,0.0,W,85,d,1013,182,25.3,66,14.9,30.7,12.7,342,west,1018,2024-11-23:09,1732352400,0.0,0.0,182.18997,2,0,261,0,63,67,12,"{'code': 802, 'icon': 'c02d', 'description': 'Scattered clouds'}","Berlin, Germany"
38.1,617,30.2,2024-11-23T12:00:00,2024-11-23T13:00:00,0.0,W,78,d,1014,227,25.3,73,14.9,31.8,12.7,334,west,1020,2024-11-23:12,1732363200,0.0,0.0,227.42,2,0,259,0,70,30,0,"{'code': 802, 'icon': 'c02d', 'description': 'Scattered clouds'}","Berlin, Germany"
37.9,0,31.5,2024-11-23T15:00:00,2024-11-23T16:00:00,0.0,WSW,80,n,1015,0,20.7,75,14.9,32.4,9.2,317,west-southwest,1021,2024-11-23:15,1732374000,0.0,0.0,0.0,0,0,239,6,0,81,0,"{'code': 802, 'icon': 'c02n', 'description': 'Scattered clouds'}","Berlin, Germany"
36.0,0,28.9,2024-11-23T18:00:00,2024-11-23T19:00:00,0.0,SSW,85,n,1016,0,17.3,69,14.9,31.8,9.2,305,south-southwest,1021,2024-11-23:18,1732384800,0.0,0.0,0.0,0,0,208,100,0,0,65,"{'code': 802, 'icon': 'c02n', 'description': 'Scattered clouds'}","Berlin, Germany"
34.5,0,26.6,2024-11-23T21:00:00,2024-11-23T22:00:00,0.0,S,89,n,1015,0,17.3,70,14.9,31.6,10.4,301,south,1021,2024-11-23:21,1732395600,0.0,0.0,0.0,0,0,190,100,0,0,96,"{'code': 802, 'icon': 'c02n', 'description': 'Scattered clouds'}","Berlin, Germany"
34.5,0,26.2,2024-11-24T00:00:00,2024-11-24T01:00:00,0.0,S,88,n,1013,0,19.6,86,14.9,31.3,11.5,297,south,1019,2024-11-24:00,1732406400,0.0,0.0,0.0,0,0,175,100,0,81,100,"{'code': 804, 'icon': 'c04n', 'description': 'Overcast clouds'}","Berlin, Germany"
35.8,0,27.3,2024-11-24T03:00:00,2024-11-24T04:00:00,0.0,S,88,n,1010,0,21.9,97,4.2,32.5,12.7,291,south,1015,2024-11-24:03,1732417200,0.0,0.016,0.0,0,30,174,100,0,100,100,"{'code': 500, 'icon': 'r01n', 'description': 'Light rain'}","Berlin, Germany"
36.7,0,28.4,2024-11-24T06:00:00,2024-11-24T07:00:00,0.0,S,89,n,1008,0,23.8,100,5.8,33.8,12.7,285,south,1013,2024-11-24:06,1732428000,0.0,0.016,0.0,0,30,180,100,0,100,100,"{'code': 500, 'icon': 'r01n', 'description': 'Light rain'}","Berlin, Germany"
41.0,560,33.8,2024-11-24T09:00:00,2024-11-24T10:00:00,0.0,S,83,d,1008,179,24.2,100,14.9,36.3,12.7,278,south,1013,2024-11-24:09,1732438800,0.0,0.016,85.80946,1,30,188,99,63,86,97,"{'code': 500, 'icon': 'r01d', 'description': 'Light rain'}","Berlin, Germany"
46.8,614,46.8,2024-11-24T12:00:00,2024-11-24T13:00:00,0.0,SSW,74,d,1008,224,24.2,93,14.9,38.8,12.7,268,south-southwest,1014,2024-11-24:12,1732449600,0.0,0.008,91.588,1,15,201,60,69,64,100,"{'code': 500, 'icon': 'r01d', 'description': 'Light rain'}","Berlin, Germany"
48.7,0,48.7,2024-11-24T15:00:00,2024-11-24T16:00:00,0.0,SSW,73,n,1009,0,21.9,86,14.9,40.5,11.5,263,south-southwest,1014,2024-11-24:15,1732460400,0.0,0.004,0.0,0,10,202,100,0,0,90,"{'code': 500, 'icon': 'r01n', 'description': 'Light rain'}","Berlin, Germany"
48.7,0,48.7,2024-11-24T18:00:00,2024-11-24T19:00:00,0.0,SSW,75,n,1009,0,21.9,82,14.9,41.2,11.5,261,south-southwest,1015,2024-11-24:18,1732471200,0.0,0.0,0.0,0,0,196,100,0,0,72,"{'code': 802, 'icon': 'c02n', 'description': 'Scattered clouds'}","Berlin, Germany"
48.2,0,48.2,2024-11-24T21:00:00,2024-11-24T22:00:00,0.0,SSW,74,n,1009,0,20.7,74,14.9,40.3,11.5,261,south-southwest,1015,2024-11-24:21,1732482000,0.0,0.0,0.0,0,0,194,100,0,0,72,"{'code': 802, 'icon': 'c02n', 'description': 'Scattered clouds'}","Berlin, Germany"
48.2,0,48.2,2024-11-25T00:00:00,2024-11-25T01:00:00,0.0,SSW,73,n,1009,0,20.7,68,14.9,39.9,11.5,258,south-southwest,1015,2024-11-25:00,1732492800,0.0,0.0,0.0,0,0,192,100,0,0,74,"{'code': 802, 'icon': 'c02n', 'description': 'Scattered clouds'}","Berlin, Germany"
48.2,0,48.2,2024-11-25T03:00:00,2024-11-25T04:00:00,0.0,S,73,n,1008,0,21.9,65,14.9,39.9,11.5,253,south,1014,2024-11-25:03,1732503600,0.0,0.0,0.0,0,0,191,64,0,0,44,"{'code': 802, 'icon': 'c02n', 'description': 'Scattered clouds'}","Berlin, Germany"
48.2,0,48.2,2024-11-25T06:00:00,2024-11-25T07:00:00,0.0,S,71,n,1007,0,21.9,72,14.9,39.2,11.5,259,south,1013,2024-11-25:06,1732514400,0.0,0.0,0.0,0,0,188,100,0,0,0,"{'code': 802, 'icon': 'c02n', 'description': 'Scattered clouds'}","Berlin, Germany"
50.7,556,50.7,2024-11-25T09:00:00,2024-11-25T10:00:00,0.0,S,65,d,1007,175,23.0,78,14.9,39.4,11.5,260,south,1012,2024-11-25:09,1732525200,0.0,0.0,157.90614,1,0,188,2,62,0,68,"{'code': 802, 'icon': 'c02d', 'description': 'Scattered clouds'}","Berlin, Germany"
54.9,611,54.9,2024-11-25T12:00:00,2024-11-25T13:00:00,0.0,SSW,56,d,1004,221,24.2,70,14.9,39.6,12.7,261,south-southwest,1010,2024-11-25:12,1732536000,0.0,0.0,90.866,1,0,193,99,69,0,100,"{'code': 802, 'icon': 'c02d', 'description': 'Scattered clouds'}","Berlin, Germany"
54.7,0,54.7,2024-11-25T15:00:00,2024-11-25T16:00:00,0.0,S,56,n,1003,0,24.2,75,14.9,39.4,12.7,261,south,1008,2024-11-25:15,1732546800,0.0,0.0,0.0,0,0,186,8,0,0,91,"{'code': 802, 'icon': 'c02n', 'description': 'Scattered clouds'}","Berlin, Germany"
52.0,0,52.0,2024-11-25T18:00:00,2024-11-25T19:00:00,0.0,S,65,n,1002,0,21.9,74,6.6,40.6,11.5,256,south,1008,2024-11-25:18,1732557600,0.0,0.0,0.0,0,0,190,0,0,0,90,"{'code': 802, 'icon': 'c02n', 'description': 'Scattered clouds'}","Berlin, Germany"
50.5,0,50.5,2024-11-25T21:00:00,2024-11-25T22:00:00,0.0,SSW,68,n,1002,0,21.9,69,14.9,40.5,11.5,268,south-southwest,1007,2024-11-25:21,1732568400,0.0,0.0,0.0,0,0,199,100,0,61,100,"{'code': 802, 'icon': 'c02n', 'description': 'Scattered clouds'}","Berlin, Germany"
49.1,0,49.1,2024-11-26T00:00:00,2024-11-26T01:00:00,0.0,SSW,74,n,1003,0,20.7,70,14.9,41.2,11.5,269,south-southwest,1009,2024-11-26:00,1732579200,0.0,0.0,0.0,0,0,208,100,0,80,100,"{'code': 802, 'icon': 'c02n', 'description': 'Scattered clouds'}","Berlin, Germany"
47.3,0,47.3,2024-11-26T03:00:00,2024-11-26T04:00:00,0.0,SSW,79,n,1005,0,18.4,70,14.9,41.2,10.4,259,south-southwest,1011,2024-11-26:03,1732590000,0.0,0.0,0.0,0,0,209,15,0,66,51,"{'code': 802, 'icon': 'c02n', 'description': 'Scattered clouds'}","Berlin, Germany"
46.6,0,46.6,2024-11-26T06:00:00,2024-11-26T07:00:00,0.0,SSW,82,n,1006,0,19.1,66,14.9,41.4,10.4,268,south-southwest,1012,2024-11-26:06,1732600800,0.0,0.0,0.0,0,0,211,0,0,71,41,"{'code': 802, 'icon': 'c02n', 'description': 'Scattered clouds'}","Berlin, Germany"
47.3,551,47.3,2024-11-26T09:00:00,2024-11-26T10:00:00,0.0,SW,82,d,1012,171,25.7,67,14.9,42.1,9.2,273,southwest,1017,2024-11-26:09,1732611600,0.0,0.0,171.47418,2,0,221,0,61,5,5,"{'code': 802, 'icon': 'c02d', 'description': 'Scattered clouds'}","Berlin, Germany"
49.5,608,49.5,2024-11-26T12:00:00,2024-11-26T13:00:00,0.0,SW,75,d,1012,218,21.9,65,14.9,41.9,9.2,268,southwest,1017,2024-11-26:12,1732622400,0.0,0.0,130.25705,1,0,227,12,68,94,5,"{'code': 802, 'icon': 'c02d', 'description': 'Scattered clouds'}","Berlin, Germany"
48.6,0,48.6,2024-11-26T15:00:00,2024-11-26T16:00:00,0.0,SW,75,n,1013,0,21.5,63,14.9,41.0,9.2,269,southwest,1017,2024-11-26:15,1732633200,0.0,0.0,0.0,0,0,226,35,0,60,42,"{'code': 802, 'icon': 'c02n', 'description': 'Scattered clouds'}","Berlin, Germany"
57.2,0,57.2,2024-11-21T18:00:00,2024-11-21T19:00:00,0.0,S,66,n,1000,0,20.1,65,14.9,46.0,10.4,271,south,1006,2024-11-21:18,1732212000,0.0,0.002,0.0,0,15,173,0,0,70,75,"{'code': 804, 'icon': 'c04n', 'description': 'Overcast clouds'}","Rome, Italy"
58.6,0,58.6,2024-11-21T21:00:00,2024-11-21T22:00:00,0.0,S,75,n,998,0,18.8,76,5.8,50.7,12.7,271,south,1004,2024-11-21:21,1732222800,0.0,0.016,0.0,0,30,187,100,0,78,100,"{'code': 500, 'icon': 'r01n', 'description': 'Light rain'}","Rome, Italy"
60.3,0,60.3,2024-11-22T00:00:00,2024-11-22T01:00:00,0.0,SSW,78,n,996,0,22.2,84,14.9,53.4,12.7,270,south-southwest,1002,2024-11-22:00,1732233600,0.0,0.071,0.0,0,65,200,0,0,59,82,"{'code': 501, 'icon': 'r02n', 'description': 'Moderate rain'}","Rome, Italy"
60.8,0,60.8,2024-11-22T03:00:00,2024-11-22T04:00:00,0.0,SSW,79,n,994,0,20.8,83,12.6,54.3,11.5,268,south-southwest,1000,2024-11-22:03,1732244400,0.0,0.051,0.0,0,55,200,100,0,81,100,"{'code': 502, 'icon': 'r03n', 'description': 'Heavy rain'}","Rome, Italy"
60.6,0,60.6,2024-11-22T06:00:00,2024-11-22T07:00:00,0.0,SW,81,n,994,0,23.1,88,5.7,54.7,11.5,266,southwest,999,2024-11-22:06,1732255200,0.0,0.071,0.0,0,65,215,100,0,55,100,"{'code': 502, 'icon': 'r03n', 'description': 'Heavy rain'}","Rome, Italy"
59.5,720,59.5,2024-11-22T09:00:00,2024-11-22T10:00:00,0.0,WSW,77,d,996,349,24.7,92,14.9,52.3,10.4,268,west-southwest,1002,2024-11-22:09,1732266000,0.0,0.043,201.80957,1,50,248,0,84,51,93,"{'code': 502, 'icon': 'r03d', 'description': 'Heavy rain'}","Rome, Italy"
61.7,764,61.7,2024-11-22T12:00:00,2024-11-22T13:00:00,0.0,W,60,d,998,419,27.7,73,14.9,47.7,12.7,279,west,1003,2024-11-22:12,1732276800,0.0,0.173,419.17,3,80,274,0,90,6,0,"{'code': 501, 'icon': 'r02d', 'description': 'Moderate rain'}","Rome, Italy"
58.8,353,58.8,2024-11-22T15:00:00,2024-11-22T16:00:00,0.0,WNW,53,d,1000,69,23.8,43,14.9,41.7,9.2,288,west-northwest,1006,2024-11-22:15,1732287600,0.0,0.051,68.7,2,55,301,0,40,22,0,"{'code': 500, 'icon': 'r01d', 'description': 'Light rain'}","Rome, Italy"
52.0,0,52.0,2024-11-22T18:00:00,2024-11-22T19:00:00,0.0,NW,55,n,1004,0,9.5,31,14.9,36.3,5.7,303,northwest,1010,2024-11-22:18,1732298400,0.0,0.0,0.0,0,0,310,0,0,0,0,"{'code': 800, 'icon': 'c01n', 'description': 'Clear Sky'}","Rome, Italy"
46.8,0,46.8,2024-11-22T21:00:00,2024-11-22T22:00:00,0.0,NNW,59,n,1007,0,6.9,19,14.9,33.3,6.9,322,north-northwest,1013,2024-11-22:21,1732309200,0.0,0.0,0.0,0,0,352,0,0,0,76,"{'code': 800, 'icon': 'c01n', 'description': 'Clear Sky'}","Rome, Italy"
42.6,0,38.3,2024-11-23T00:00:00,2024-11-23T01:00:00,0.0,N,59,n,1010,0,6.9,8,14.9,29.3,6.9,299,north,1016,2024-11-23:00,1732320000,0.0,0.0,0.0,0,0,8,0,0,0,50,"{'code': 800, 'icon': 'c01n', 'description': 'Clear Sky'}","Rome, Italy"
39.4,0,35.2,2024-11-23T03:00:00,2024-11-23T04:00:00,0.0,NNE,59,n,1013,0,7.1,0,14.9,26.2,5.7,286,north-northeast,1019,2024-11-23:03,1732330800,0.0,0.0,0.0,0,0,19,0,0,0,0,"{'code': 800, 'icon': 'c01n', 'description': 'Clear Sky'}","Rome, Italy"
37.2,0,32.5,2024-11-23T06:00:00,2024-11-23T07:00:00,0.0,NNE,60,n,1017,0,7.6,0,14.9,24.6,5.7,284,north-northeast,1023,2024-11-23:06,1732341600,0.0,0.0,0.0,0,0,31,0,0,0,0,"{'code': 800, 'icon': 'c01n', 'description': 'Clear Sky'}","Rome, Italy"
45.0,718,41.9,2024-11-23T09:00:00,2024-11-23T10:00:00,0.0,NNE,47,d,1021,346,8.5,0,14.9,26.1,5.7,287,north-northeast,1027,2024-11-23:09,1732352400,0.0,0.0,345.65,2,0,23,1,83,0,0,"{'code': 800, 'icon': 'c01d', 'description': 'Clear Sky'}","Rome, Italy"
53.8,762,53.8,2024-11-23T12:00:00,2024-11-23T13:00:00,0.0,N,34,d,1022,416,10.6,2,14.9,26.1,5.7,286,north,1027,2024-11-23:12,1732363200,0.0,0.0,415.92,3,0,6,0,90,0,0,"{'code': 800, 'icon': 'c01d', 'description': 'Clear Sky'}","Rome, Italy"
54.0,348,54.0,2024-11-23T15:00:00,2024-11-23T16:00:00,0.0,N,32,d,1024,67,8.0,4,14.9,24.8,4.6,287,north,1029,2024-11-23:15,1732374000,0.0,0.0,67.04,2,0,4,0,40,0,0,"{'code': 800, 'icon': 'c01d', 'description': 'Clear Sky'}","Rome, Italy"
45.1,0,45.1,2024-11-23T18:00:00,2024-11-23T19:00:00,0.0,ESE,54,n,1025,0,3.4,0,14.9,29.5,3.4,292,east-southeast,1032,2024-11-23:18,1732384800,0.0,0.0,0.0,0,0,109,1,0,0,0,"{'code': 800, 'icon': 'c01n', 'description': 'Clear Sky'}","Rome, Italy"
42.1,0,40.3,2024-11-23T21:00:00,2024-11-23T22:00:00,0.0,ESE,60,n,1027,0,3.9,0,14.9,29.3,3.4,290,east-southeast,1033,2024-11-23:21,1732395600,0.0,0.0,0.0,0,0,122,0,0,0,0,"{'code': 800, 'icon': 'c01n', 'description': 'Clear Sky'}","Rome, Italy"
40.1,0,37.9,2024-11-24T00:00:00,2024-11-24T01:00:00,0.0,E,66,n,1028,0,4.7,1,14.9,29.7,3.4,287,east,1034,2024-11-24:00,1732406400,0.0,0.0,0.0,0,0,100,0,0,53,0,"{'code': 800, 'icon': 'c01n', 'description': 'Clear Sky'}","Rome, Italy"
38.8,0,37.9,2024-11-24T03:00:00,2024-11-24T04:00:00,0.0,ENE,69,n,1028,0,4.9,6,14.9,29.5,2.3,282,east-northeast,1034,2024-11-24:03,1732417200,0.0,0.0,0.0,0,0,69,0,0,37,0,"{'code': 800, 'icon': 'c01n', 'description': 'Clear Sky'}","Rome, Italy"
37.8,0,36.9,2024-11-24T06:00:00,2024-11-24T07:00:00,0.0,ENE,73,n,1028,0,4.3,8,14.9,29.8,2.3,283,east-northeast,1034,2024-11-24:06,1732428000,0.0,0.0,0.0,0,0,76,0,0,35,0,"{'code': 800, 'icon': 'c01n', 'description': 'Clear Sky'}","Rome, Italy"
47.5,715,47.5,2024-11-24T09:00:00,2024-11-24T10:00:00,0.0,NE,62,d,1029,342,7.4,7,14.9,35.1,2.3,285,northeast,1035,2024-11-24:09,1732438800,0.0,0.0,341.88,2,0,44,0,83,16,0,"{'code': 800, 'icon': 'c01d', 'description': 'Clear Sky'}","Rome, Italy"
57.9,761,57.9,2024-11-24T12:00:00,2024-11-24T13:00:00,0.0,S,47,d,1028,413,9.1,7,14.9,37.8,3.4,285,south,1034,2024-11-24:12,1732449600,0.0,0.0,412.79,3,0,177,0,90,0,0,"{'code': 800, 'icon': 'c01d', 'description': 'Clear Sky'}","Rome, Italy"
57.6,344,57.6,2024-11-24T15:00:00,2024-11-24T16:00:00,0.0,S,51,d,1023,65,5.1,12,14.9,39.6,2.3,284,south,1033,2024-11-24:15,1732460400,0.0,0.0,65.48896,2,0,182,0,40,52,0,"{'code': 800, 'icon': 'c01d', 'description': 'Clear Sky'}","Rome, Italy"
50.2,0,50.2,2024-11-24T18:00:00,2024-11-24T19:00:00,0.0,SE,70,n,1023,0,5.0,2,14.9,40.8,3.4,282,southeast,1033,2024-11-24:18,1732471200,0.0,0.0,0.0,0,0,146,0,0,14,0,"{'code': 800, 'icon': 'c01n', 'description': 'Clear Sky'}","Rome, Italy"
47.8,0,47.8,2024-11-24T21:00:00,2024-11-24T22:00:00,0.0,SE,77,n,1022,0,5.7,3,14.9,41.0,2.3,284,southeast,1032,2024-11-24:21,1732482000,0.0,0.0,0.0,0,0,125,0,0,60,0,"{'code': 800, 'icon': 'c01n', 'description': 'Clear Sky'}","Rome, Italy"
46.4,0,46.4,2024-11-25T00:00:00,2024-11-25T01:00:00,0.0,ESE,80,n,1022,0,5.0,9,14.9,40.6,2.3,285,east-southeast,1032,2024-11-25:00,1732492800,0.0,0.0,0.0,0,0,114,0,0,0,0,"{'code': 800, 'icon': 'c01n', 'description': 'Clear Sky'}","Rome, Italy"
45.3,0,45.3,2024-11-25T03:00:00,2024-11-25T04:00:00,0.0,E,83,n,1020,0,5.9,15,14.9,40.5,2.3,281,east,1030,2024-11-25:03,1732503600,0.0,0.0,0.0,0,0,99,0,0,72,40,"{'code': 800, 'icon': 'c01n', 'description': 'Clear Sky'}","Rome, Italy"
44.6,0,44.4,2024-11-25T06:00:00,2024-11-25T07:00:00,0.0,E,85,n,1019,0,5.5,27,14.9,40.5,2.3,279,east,1029,2024-11-25:06,1732514400,0.0,0.0,0.0,0,0,97,0,0,80,85,"{'code': 801, 'icon': 'c02n', 'description': 'Few clouds'}","Rome, Italy"
53.1,713,53.1,2024-11-25T09:00:00,2024-11-25T10:00:00,0.0,E,72,d,1018,338,4.2,40,14.9,44.2,2.3,280,east,1028,2024-11-25:09,1732525200,0.0,0.0,338.1995,2,0,100,0,83,58,11,"{'code': 801, 'icon': 'c02d', 'description': 'Few clouds'}","Rome, Italy"
60.6,759,60.6,2024-11-25T12:00:00,2024-11-25T13:00:00,0.0,SSE,63,d,1016,410,5.7,48,14.9,48.0,5.7,282,south-southeast,1026,2024-11-25:12,1732536000,0.0,0.0,333.1231,1,0,153,0,90,79,1,"{'code': 801, 'icon': 'c02d', 'description': 'Few clouds'}","Rome, Italy"
60.3,339,60.3,2024-11-25T15:00:00,2024-11-25T16:00:00,0.0,SSE,68,d,1014,64,6.5,46,14.9,49.6,4.6,280,south-southeast,1024,2024-11-25:15,1732546800,0.0,0.0,47.25425,1,0,151,0,39,79,0,"{'code': 801, 'icon': 'c02d', 'description': 'Few clouds'}","Rome, Italy"
55.9,0,55.9,2024-11-25T18:00:00,2024-11-25T19:00:00,0.0,SSE,81,n,1014,0,4.6,30,14.9,50.2,4.6,279,south-southeast,1024,2024-11-25:18,1732557600,0.0,0.0,0.0,0,0,158,0,0,70,0,"{'code': 801, 'icon': 'c02n', 'description': 'Few clouds'}","Rome, Italy"
54.9,0,54.9,2024-11-25T21:00:00,2024-11-25T22:00:00,0.0,SSE,82,n,1013,0,3.4,33,14.9,49.5,3.4,281,south-southeast,1023,2024-11-25:21,1732568400,0.0,0.0,0.0,0,0,155,0,0,1,0,"{'code': 801, 'icon': 'c02n', 'description': 'Few clouds'}","Rome, Italy"
53.6,0,53.6,2024-11-26T00:00:00,2024-11-26T01:00:00,0.0,SSE,85,n,1012,0,2.3,32,14.9,49.3,2.3,282,south-southeast,1023,2024-11-26:00,1732579200,0.0,0.0,0.0,0,0,155,46,0,47,17,"{'code': 801, 'icon': 'c02n', 'description': 'Few clouds'}","Rome, Italy"
52.5,0,52.5,2024-11-26T03:00:00,2024-11-26T04:00:00,0.0,SSE,89,n,1012,0,3.4,32,14.9,49.5,3.4,280,south-southeast,1022,2024-11-26:03,1732590000,0.0,0.0,0.0,0,0,155,52,0,34,0,"{'code': 801, 'icon': 'c02n', 'description': 'Few clouds'}","Rome, Italy"
52.5,0,52.5,2024-11-26T06:00:00,2024-11-26T07:00:00,0.0,SE,90,n,1011,0,4.6,46,14.9,49.6,4.6,286,southeast,1022,2024-11-26:06,1732600800,0.0,0.0,0.0,0,0,143,0,0,42,50,"{'code': 801, 'icon': 'c02n', 'description': 'Few clouds'}","Rome, Italy"
58.1,710,58.1,2024-11-26T09:00:00,2024-11-26T10:00:00,0.0,SSE,82,d,1014,335,6.9,51,14.9,52.7,6.9,288,south-southeast,1022,2024-11-26:09,1732611600,0.0,0.0,333.72592,2,0,162,72,82,5,0,"{'code': 801, 'icon': 'c02d', 'description': 'Few clouds'}","Rome, Italy"
63.5,758,63.5,2024-11-26T12:00:00,2024-11-26T13:00:00,0.0,S,73,d,1013,407,8.1,55,14.9,54.7,8.1,293,south,1021,2024-11-26:12,1732622400,0.0,0.0,406.77133,2,0,170,37,89,0,0,"{'code': 801, 'icon': 'c02d', 'description': 'Few clouds'}","Rome, Italy"
62.6,335,62.6,2024-11-26T15:00:00,2024-11-26T16:00:00,0.0,SSE,78,d,1013,63,6.9,61,14.9,55.6,6.9,282,south-southeast,1021,2024-11-26:15,1732633200,0.0,0.0,60.791092,2,0,165,14,39,0,5,"{'code': 802, 'icon': 'c02d', 'description': 'Scattered clouds'}","Rome, Italy"
54.1,0,54.1,2024-11-21T18:00:00,2024-11-21T19:00:00,0.0,SW,76,n,939,0,18.9,41,14.9,46.8,7.0,251,southwest,1015,2024-11-21:18,1732212000,0.0,0.0,0.0,0,0,235,68,0,40,58,"{'code': 804, 'icon': 'c04n', 'description': 'Overcast clouds'}","Madrid, Spain"
51.3,0,51.3,2024-11-21T21:00:00,2024-11-21T22:00:00,0.0,SW,86,n,939,0,17.8,58,14.9,47.1,7.3,252,southwest,1015,2024-11-21:21,1732222800,0.0,0.0,0.0,0,0,232,16,0,63,79,"{'code': 804, 'icon': 'c04n', 'description': 'Overcast clouds'}","Madrid, Spain"
49.1,0,49.1,2024-11-22T00:00:00,2024-11-22T01:00:00,0.0,SW,90,n,939,0,17.5,0,13.5,46.2,7.4,253,southwest,1015,2024-11-22:00,1732233600,0.0,0.0,0.0,0,0,228,23,0,50,28,"{'code': 802, 'icon': 'c02n', 'description': 'Scattered clouds'}","Madrid, Spain"
48.7,0,48.7,2024-11-22T03:00:00,2024-11-22T04:00:00,0.0,SW,93,n,938,0,18.1,80,13.5,46.8,7.6,256,southwest,1015,2024-11-22:03,1732244400,0.0,0.0,0.0,0,0,229,63,0,89,42,"{'code': 804, 'icon': 'c04n', 'description': 'Overcast clouds'}","Madrid, Spain"
49.6,0,49.6,2024-11-22T06:00:00,2024-11-22T07:00:00,0.0,WSW,92,n,939,0,19.7,51,14.9,47.3,7.4,257,west-southwest,1016,2024-11-22:06,1732255200,0.0,0.0,0.0,0,15,238,100,0,61,40,"{'code': 804, 'icon': 'c04n', 'description': 'Overcast clouds'}","Madrid, Spain"
52.0,637,52.0,2024-11-22T09:00:00,2024-11-22T10:00:00,0.0,WSW,88,d,942,241,20.6,5,14.9,48.6,7.7,263,west-southwest,1018,2024-11-22:09,1732266000,0.0,0.0,240.56184,2,0,243,69,70,55,6,"{'code': 804, 'icon': 'c04d', 'description': 'Overcast clouds'}","Madrid, Spain"
58.6,803,58.6,2024-11-22T12:00:00,2024-11-22T13:00:00,0.0,WNW,60,d,943,481,12.9,35,14.9,44.8,4.2,269,west-northwest,1018,2024-11-22:12,1732276800,0.0,0.0,468.8332,2,0,290,83,94,72,0,"{'code': 804, 'icon': 'c04d', 'description': 'Overcast clouds'}","Madrid, Spain"
60.8,641,60.8,2024-11-22T15:00:00,2024-11-22T16:00:00,0.0,WNW,44,d,942,244,21.5,3,14.9,38.8,8.5,269,west-northwest,1018,2024-11-22:15,1732287600,0.0,0.0,244.38853,2,0,284,42,71,21,0,"{'code': 802, 'icon': 'c02d', 'description': 'Scattered clouds'}","Madrid, Spain"
55.8,0,55.8,2024-11-22T18:00:00,2024-11-22T19:00:00,0.0,SW,80,n,944,0,9.6,0,14.9,49.6,2.8,273,southwest,1019,2024-11-22:18,1732298400,0.0,0.0,0.0,0,0,230,0,0,26,0,"{'code': 801, 'icon': 'c02n', 'description': 'Few clouds'}","Madrid, Spain"
52.5,0,52.5,2024-11-22T21:00:00,2024-11-22T22:00:00,0.0,SSE,93,n,945,0,4.7,0,14.9,50.5,1.9,274,south-southeast,1021,2024-11-22:21,1732309200,0.0,0.0,0.0,0,0,158,2,0,37,0,"{'code': 801, 'icon': 'c02n', 'description': 'Few clouds'}","Madrid, Spain"
50.4,0,50.4,2024-11-23T00:00:00,2024-11-23T01:00:00,0.0,WSW,97,n,946,0,1.4,100,14.9,49.6,0.5,271,west-southwest,1022,2024-11-23:00,1732320000,0.0,0.0,0.0,0,0,237,100,0,97,45,"{'code': 804, 'icon': 'c04n', 'description': 'Overcast clouds'}","Madrid, Spain"
51.1,0,51.1,2024-11-23T03:00:00,2024-11-23T04:00:00,0.0,NNE,97,n,946,0,4.2,100,14.9,50.4,1.5,270,north-northeast,1022,2024-11-23:03,1732330800,0.0,0.0,0.0,0,15,27,66,0,100,84,"{'code': 741, 'icon': 'a05n', 'description': 'Fog'}","Madrid, Spain"
51.4,0,51.4,2024-11-23T06:00:00,2024-11-23T07:00:00,0.0,ENE,95,n,946,0,4.2,97,14.9,50.2,1.3,273,east-northeast,1023,2024-11-23:06,1732341600,0.0,0.001,0.0,0,15,69,98,0,88,0,"{'code': 804, 'icon': 'c04n', 'description': 'Overcast clouds'}","Madrid, Spain"
53.2,634,53.2,2024-11-23T09:00:00,2024-11-23T10:00:00,0.0,ESE,89,d,948,237,5.3,0,14.9,50.0,1.7,273,east-southeast,1024,2024-11-23:09,1732352400,0.0,0.0,229.69145,2,0,107,33,70,62,0,"{'code': 802, 'icon': 'c02d', 'description': 'Scattered clouds'}","Madrid, Spain"
59.2,802,59.2,2024-11-23T12:00:00,2024-11-23T13:00:00,0.0,S,71,d,947,477,14.6,0,14.9,49.8,5.5,274,south,1023,2024-11-23:12,1732363200,0.0,0.0,477.47,3,0,181,4,94,60,2,"{'code': 802, 'icon': 'c02d', 'description': 'Scattered clouds'}","Madrid, Spain"
62.2,639,62.2,2024-11-23T15:00:00,2024-11-23T16:00:00,0.0,SSW,57,d,946,242,13.9,44,14.9,46.9,5.1,273,south-southwest,1022,2024-11-23:15,1732374000,0.0,0.0,228.67807,1,0,197,18,71,66,0,"{'code': 802, 'icon': 'c02d', 'description': 'Scattered clouds'}","Madrid, Spain"
58.6,0,58.6,2024-11-23T18:00:00,2024-11-23T19:00:00,0.0,ESE,71,n,947,0,5.4,33,14.9,49.3,2.1,272,east-southeast,1023,2024-11-23:18,1732384800,0.0,0.0,0.0,0,0,111,100,0,34,49,"{'code': 804, 'icon': 'c04n', 'description': 'Overcast clouds'}","Madrid, Spain"
55.0,0,55.0,2024-11-23T21:00:00,2024-11-23T22:00:00,0.0,NE,79,n,947,0,4.7,30,14.9,48.6,2.2,274,northeast,1023,2024-11-23:21,1732395600,0.0,0.0,0.0,0,0,45,100,0,17,0,"{'code': 804, 'icon': 'c04n', 'description': 'Overcast clouds'}","Madrid, Spain"
51.6,0,51.6,2024-11-24T00:00:00,2024-11-24T01:00:00,0.0,NE,87,n,947,0,6.9,0,14.9,48.0,3.0,277,northeast,1024,2024-11-24:00,1732406400,0.0,0.0,0.0,0,0,56,41,0,0,0,"{'code': 801, 'icon': 'c02n', 'description': 'Few clouds'}","Madrid, Spain"
49.6,0,49.6,2024-11-24T03:00:00,2024-11-24T04:00:00,0.0,ENE,93,n,947,0,8.0,12,14.9,47.7,3.6,273,east-northeast,1024,2024-11-24:03,1732417200,0.0,0.0,0.0,0,0,60,27,0,62,0,"{'code': 802, 'icon': 'c02n', 'description': 'Scattered clouds'}","Madrid, Spain"
49.8,0,49.8,2024-11-24T06:00:00,2024-11-24T07:00:00,0.0,ENE,92,n,947,0,8.5,16,14.9,47.7,3.2,274,east-northeast,1024,2024-11-24:06,1732428000,0.0,0.0,0.0,0,0,62,0,0,57,0,"{'code': 802, 'icon': 'c02n', 'description': 'Scattered clouds'}","Madrid, Spain"
51.1,630,51.1,2024-11-24T09:00:00,2024-11-24T10:00:00,0.0,ENE,84,d,947,233,12.5,24,14.9,46.4,5.1,278,east-northeast,1024,2024-11-24:09,1732438800,0.0,0.0,231.62016,2,0,65,100,69,47,0,"{'code': 804, 'icon': 'c04d', 'description': 'Overcast clouds'}","Madrid, Spain"
57.2,800,57.2,2024-11-24T12:00:00,2024-11-24T13:00:00,0.0,ENE,67,d,946,474,15.0,26,14.9,46.2,5.4,279,east-northeast,1022,2024-11-24:12,1732449600,0.0,0.0,469.6453,2,0,62,100,94,28,18,"{'code': 804, 'icon': 'c04d', 'description': 'Overcast clouds'}","Madrid, Spain"
62.4,637,62.4,2024-11-24T15:00:00,2024-11-24T16:00:00,0.0,E,54,d,944,240,10.3,65,14.9,45.5,2.4,276,east,1019,2024-11-24:15,1732460400,0.0,0.0,189.9198,1,0,85,100,70,2,48,"{'code': 804, 'icon': 'c04d', 'description': 'Overcast clouds'}","Madrid, Spain"
59.4,0,59.4,2024-11-24T18:00:00,2024-11-24T19:00:00,0.0,ESE,57,n,943,0,9.0,100,14.9,44.1,1.8,274,east-southeast,1019,2024-11-24:18,1732471200,0.0,0.0,0.0,0,0,102,100,0,0,79,"{'code': 804, 'icon': 'c04n', 'description': 'Overcast clouds'}","Madrid, Spain"
56.7,0,56.7,2024-11-24T21:00:00,2024-11-24T22:00:00,0.0,E,71,n,943,0,8.9,100,14.9,47.5,2.2,275,east,1018,2024-11-24:21,1732482000,0.0,0.005,0.0,0,10,86,100,0,0,81,"{'code': 804, 'icon': 'c04n', 'description': 'Overcast clouds'}","Madrid, Spain"
57.0,0,57.0,2024-11-25T00:00:00,2024-11-25T01:00:00,0.0,S,65,n,941,0,10.2,60,14.9,45.5,1.5,282,south,1017,2024-11-25:00,1732492800,0.0,0.002,0.0,0,15,177,63,0,0,88,"{'code': 804, 'icon': 'c04n', 'description': 'Overcast clouds'}","Madrid, Spain"
56.7,0,56.7,2024-11-25T03:00:00,2024-11-25T04:00:00,0.0,S,65,n,941,0,10.2,47,14.9,45.0,4.0,287,south,1016,2024-11-25:03,1732503600,0.0,0.0,0.0,0,15,179,64,0,0,75,"{'code': 804, 'icon': 'c04n', 'description': 'Overcast clouds'}","Madrid, Spain"
56.8,0,56.8,2024-11-25T06:00:00,2024-11-25T07:00:00,0.0,S,63,n,940,0,14.3,100,14.9,44.4,5.3,294,south,1015,2024-11-25:06,1732514400,0.0,0.001,0.0,0,15,180,100,0,9,84,"{'code': 804, 'icon': 'c04n', 'description': 'Overcast clouds'}","Madrid, Spain"
55.8,627,55.8,2024-11-25T09:00:00,2024-11-25T10:00:00,0.0,SSW,81,d,942,230,13.7,99,14.9,50.0,5.7,278,south-southwest,1018,2024-11-25:09,1732525200,0.0,0.058,81.13,1,60,201,99,69,74,77,"{'code': 500, 'icon': 'r01d', 'description': 'Light rain'}","Madrid, Spain"
60.4,799,60.4,2024-11-25T12:00:00,2024-11-25T13:00:00,0.0,SW,71,d,943,471,22.9,0,14.9,51.1,8.8,281,southwest,1018,2024-11-25:12,1732536000,0.0,0.0,456.1958,3,15,231,0,93,51,0,"{'code': 801, 'icon': 'c02d', 'description': 'Few clouds'}","Madrid, Spain"
61.5,635,61.5,2024-11-25T15:00:00,2024-11-25T16:00:00,0.0,WSW,55,d,943,238,18.3,0,14.9,45.1,6.0,286,west-southwest,1018,2024-11-25:15,1732546800,0.0,0.002,237.7,2,15,244,1,70,41,0,"{'code': 801, 'icon': 'c02d', 'description': 'Few clouds'}","Madrid, Spain"
56.3,0,56.3,2024-11-25T18:00:00,2024-11-25T19:00:00,0.0,SW,63,n,945,0,10.5,55,14.9,43.9,4.1,286,southwest,1021,2024-11-25:18,1732557600,0.0,0.0,0.0,0,0,231,97,0,0,0,"{'code': 804, 'icon': 'c04n', 'description': 'Overcast clouds'}","Madrid, Spain"
51.8,0,51.8,2024-11-25T21:00:00,2024-11-25T22:00:00,0.0,S,76,n,946,0,4.2,27,14.9,44.6,1.1,279,south,1022,2024-11-25:21,1732568400,0.0,0.0,0.0,0,0,180,75,0,0,58,"{'code': 804, 'icon': 'c04n', 'description': 'Overcast clouds'}","Madrid, Spain"
48.7,0,48.7,2024-11-26T00:00:00,2024-11-26T01:00:00,0.0,SSE,83,n,946,0,3.8,74,14.9,43.9,1.5,275,south-southeast,1023,2024-11-26:00,1732579200,0.0,0.0,0.0,0,0,154,100,0,3,98,"{'code': 804, 'icon': 'c04n', 'description': 'Overcast clouds'}","Madrid, Spain"
47.1,0,47.1,2024-11-26T03:00:00,2024-11-26T04:00:00,0.0,S,90,n,946,0,4.1,84,14.9,44.4,1.1,275,south,1023,2024-11-26:03,1732590000,0.0,0.0,0.0,0,0,172,100,0,0,100,"{'code': 804, 'icon': 'c04n', 'description': 'Overcast clouds'}","Madrid, Spain"
45.7,0,45.7,2024-11-26T06:00:00,2024-11-26T07:00:00,0.0,ESE,94,n,946,0,3.9,90,14.9,44.1,1.2,274,east-southeast,1023,2024-11-26:06,1732600800,0.0,0.0,0.0,0,0,103,34,0,0,99,"{'code': 804, 'icon': 'c04n', 'description': 'Overcast clouds'}","Madrid, Spain"
55.6,623,55.6,2024-11-26T09:00:00,2024-11-26T10:00:00,0.0,SSE,79,d,948,226,1.6,18,14.9,49.1,0.9,277,south-southeast,1025,2024-11-26:09,1732611600,0.0,0.0,225.62604,2,0,162,72,69,1,5,"{'code': 801, 'icon': 'c02d', 'description': 'Few clouds'}","Madrid, Spain"
61.2,797,61.2,2024-11-26T12:00:00,2024-11-26T13:00:00,0.0,SSW,66,d,948,467,5.8,25,14.9,49.6,3.5,276,south-southwest,1024,2024-11-26:12,1732622400,0.0,0.0,463.7105,2,0,213,6,93,1,25,"{'code': 802, 'icon': 'c02d', 'description': 'Scattered clouds'}","Madrid, Spain"
64.6,633,64.6,2024-11-26T15:00:00,2024-11-26T16:00:00,0.0,SW,51,d,946,236,11.0,81,14.9,46.0,6.9,280,southwest,1022,2024-11-26:15,1732633200,0.0,0.0,132.0894,1,0,228,84,70,5,81,"{'code': 804, 'icon': 'c04d', 'description': 'Overcast clouds'}","Madrid, Spain"
